[
  {
    "name": "NFL",
    "sport": "American Football",
    "country": "USA",
    "tier": 1
  },
  {
    "name": "MLB",
    "sport": "Baseball",
    "country": "USA/Canada",
    "tier": 1
  },
  {
    "name": "NBA",
    "sport": "Basketball",
    "country": "USA/Canada",
    "tier": 1
  },
  {
    "name": "NHL",
    "sport": "Ice Hockey",
    "country": "USA/Canada",
    "tier": 1
  },
  {
    "name": "Premier League",
    "sport": "Soccer",
    "country": "England",
    "tier": 1
  },
  {
    "name": "NCAA Football",
    "sport": "American Football",
    "country": "USA",
    "tier": 1
  },
  {
    "name": "NCAA Men's Basketball",
    "sport": "Basketball",
    "country": "USA",
    "tier": 1
  },
  {
    "name": "NCAA Women's Basketball",
    "sport": "Basketball",
    "country": "USA",
    "tier": 1
  },
  {
    "name": "NCAA Baseball",
    "sport": "Baseball",
    "country": "USA",
    "tier": 1
  },
  {
    "name": "NCAA Hockey",
    "sport": "Ice Hockey",
    "country": "USA",
    "tier": 1
  },
  {
    "name": "NCAA Men's Soccer",
    "sport": "Association Football",
    "country": "USA",
    "tier": 2
  },
  {
    "name": "NCAA Women's Soccer",
    "sport": "Association Football",
    "country": "USA",
    "tier": 2
  },
  {
    "name": "NCAA Lacrosse",
    "sport": "Lacrosse",
    "country": "USA",
    "tier": 1
  },
  {
    "name": "NCAA Volleyball",
    "sport": "Volleyball",
    "country": "USA",
    "tier": 1
  },
  {
    "name": "NCAA Softball",
    "sport": "Softball",
    "country": "USA",
    "tier": 1
  },
  {
    "name": "Liga Mexicana de Softbol",
    "sport": "Softball",
    "country": "Mexico",
    "tier": 1
  },
  {
    "name": "Bundesliga",
    "sport": "Soccer",
    "country": "Germany",
    "tier": 1
  },
  {
    "name": "LaLiga",
    "sport": "Soccer",
    "country": "Spain",
    "tier": 1
  },
  {
    "name": "Serie A",
    "sport": "Soccer",
    "country": "Italy",
    "tier": 1
  },
  {
    "name": "Ligue 1",
    "sport": "Soccer",
    "country": "France",
    "tier": 1
  },
  {
    "name": "IPL",
    "sport": "Cricket",
    "country": "India",
    "tier": 1
  },
  {
    "name": "MLS",
    "sport": "Soccer",
    "country": "USA/Canada",
    "tier": 1
  },
  {
    "name": "NPB",
    "sport": "Baseball",
    "country": "Japan",
    "tier": 1
  },
  {
    "name": "Campeonato Brasileiro Série A",
    "sport": "Soccer",
    "country": "Brazil",
    "tier": 1
  },
  {
    "name": "Liga MX",
    "sport": "Soccer",
    "country": "Mexico",
    "tier": 1
  },
  {
    "name": "CFL",
    "sport": "Canadian Football",
    "country": "Canada",
    "tier": 1
  },
  {
    "name": "NRL",
    "sport": "Rugby League",
    "country": "Australia/New Zealand",
    "tier": 1
  },
  {
    "name": "KBO League",
    "sport": "Baseball",
    "country": "South Korea",
    "tier": 1
  },
  {
    "name": "Top 14",
    "sport": "Rugby Union",
    "country": "France",
    "tier": 1
  },
  {
    "name": "2. Bundesliga",
    "sport": "Soccer",
    "country": "Germany",
    "tier": 2
  },
  {
    "name": "EFL Championship",
    "sport": "Soccer",
    "country": "England",
    "tier": 2
  },
  {
    "name": "Argentine Primera División",
    "sport": "Soccer",
    "country": "Argentina",
    "tier": 1
  },
  {
    "name": "Eredivisie",
    "sport": "Soccer",
    "country": "Netherlands",
    "tier": 1
  },
  {
    "name": "Scottish Premiership",
    "sport": "Soccer",
    "country": "Scotland",
    "tier": 1
  },
  {
    "name": "Premiership Rugby",
    "sport": "Rugby Union",
    "country": "England",
    "tier": 1
  },
  {
    "name": "Super Rugby",
    "sport": "Rugby Union",
    "country": "New Zealand/South Africa/Australia/Argentina/Japan",
    "tier": 1
  },
  {
    "name": "European Rugby Champions Cup",
    "sport": "Rugby Union",
    "country": "Europe",
    "tier": 1
  },
  {
    "name": "Big Bash League",
    "sport": "Cricket",
    "country": "Australia",
    "tier": 1
  },
  {
    "name": "EuroLeague",
    "sport": "Basketball",
    "country": "Europe",
    "tier": 1
  },
  {
    "name": "WNBA",
    "sport": "Basketball",
    "country": "USA",
    "tier": 1
  },
  {
    "name": "NWSL",
    "sport": "Soccer",
    "country": "USA",
    "tier": 1
  },
  {
    "name": "Women's Super League",
    "sport": "Soccer",
    "country": "England",
    "tier": 1
  },
  {
    "name": "PWHL",
    "sport": "Ice Hockey",
    "country": "USA/Canada",
    "tier": 1
  },
  {
    "name": "Swiss Super League",
    "sport": "Soccer",
    "country": "Switzerland",
    "tier": 1
  },
  {
    "name": "Belgian Pro League",
    "sport": "Soccer",
    "country": "Belgium",
    "tier": 1
  },
  {
    "name": "Primeira Liga",
    "sport": "Soccer",
    "country": "Portugal",
    "tier": 1
  },
  {
    "name": "Turkish Super League",
    "sport": "Soccer",
    "country": "Turkey",
    "tier": 1
  },
  {
    "name": "Ekstraklasa",
    "sport": "Soccer",
    "country": "Poland",
    "tier": 1
  },
  {
    "name": "Allsvenskan",
    "sport": "Soccer",
    "country": "Sweden",
    "tier": 1
  },
  {
    "name": "Danish Superliga",
    "sport": "Soccer",
    "country": "Denmark",
    "tier": 1
  },
  {
    "name": "Pakistan Super League",
    "sport": "Cricket",
    "country": "Pakistan",
    "tier": 1
  },
  {
    "name": "United Rugby Championship",
    "sport": "Rugby Union",
    "country": "Ireland/Italy/Scotland/Wales/South Africa",
    "tier": 1
  },
  {
    "name": "Super League",
    "sport": "Rugby League",
    "country": "England/France",
    "tier": 1
  },
  {
    "name": "Kontinental Hockey League",
    "sport": "Ice Hockey",
    "country": "Russia/Belarus/Kazakhstan/China",
    "tier": 1
  },
  {
    "name": "Deutsche Eishockey Liga",
    "sport": "Ice Hockey",
    "country": "Germany",
    "tier": 1
  },
  {
    "name": "Swedish Hockey League",
    "sport": "Ice Hockey",
    "country": "Sweden",
    "tier": 1
  },
  {
    "name": "Liiga",
    "sport": "Ice Hockey",
    "country": "Finland",
    "tier": 1
  },
  {
    "name": "Czech Extraliga",
    "sport": "Ice Hockey",
    "country": "Czech Republic",
    "tier": 1
  },
  {
    "name": "American Hockey League",
    "sport": "Ice Hockey",
    "country": "USA/Canada",
    "tier": 2
  },
  {
    "name": "National Basketball League",
    "sport": "Basketball",
    "country": "Australia/New Zealand",
    "tier": 1
  },
  {
    "name": "Chinese Basketball Association",
    "sport": "Basketball",
    "country": "China",
    "tier": 1
  },
  {
    "name": "Liga ACB",
    "sport": "Basketball",
    "country": "Spain",
    "tier": 1
  },
  {
    "name": "Basketball Bundesliga",
    "sport": "Basketball",
    "country": "Germany",
    "tier": 1
  },
  {
    "name": "Philippine Basketball Association",
    "sport": "Basketball",
    "country": "Philippines",
    "tier": 1
  },
  {
    "name": "B1 League",
    "sport": "Basketball",
    "country": "Japan",
    "tier": 1
  },
  {
    "name": "Korean Basketball League",
    "sport": "Basketball",
    "country": "South Korea",
    "tier": 1
  },
  {
    "name": "Handball-Bundesliga",
    "sport": "Handball",
    "country": "Germany",
    "tier": 1
  },
  {
    "name": "LNH Division 1",
    "sport": "Handball",
    "country": "France",
    "tier": 1
  },
  {
    "name": "Lega Pallavolo Serie A",
    "sport": "Volleyball",
    "country": "Italy",
    "tier": 1
  },
  {
    "name": "PlusLiga",
    "sport": "Volleyball",
    "country": "Poland",
    "tier": 1
  },
  {
    "name": "National Lacrosse League",
    "sport": "Indoor Lacrosse",
    "country": "USA/Canada",
    "tier": 1
  },
  {
    "name": "Major League Lacrosse",
    "sport": "Field Lacrosse",
    "country": "USA/Canada",
    "tier": 1
  },
  {
    "name": "Major League Rugby",
    "sport": "Rugby Union",
    "country": "USA",
    "tier": 1
  },
  {
    "name": "ELF",
    "sport": "American Football",
    "country": "Europe",
    "tier": 1
  },
  {
    "name": "Liga MX Femenil",
    "sport": "Soccer",
    "country": "Mexico",
    "tier": 1
  },
  {
    "name": "Frauen-Bundesliga",
    "sport": "Soccer",
    "country": "Germany",
    "tier": 1
  },
  {
    "name": "NRL Women's Premiership",
    "sport": "Rugby League",
    "country": "Australia",
    "tier": 1
  },
  {
    "name": "Women's Big Bash League",
    "sport": "Cricket",
    "country": "Australia",
    "tier": 1
  },
  {
    "name": "T20 Blast",
    "sport": "Cricket",
    "country": "England/Wales",
    "tier": 1
  },
  {
    "name": "Caribbean Premier League",
    "sport": "Cricket",
    "country": "West Indies",
    "tier": 1
  },
  {
    "name": "Bangladesh Premier League",
    "sport": "Cricket",
    "country": "Bangladesh",
    "tier": 1
  },
  {
    "name": "County Championship",
    "sport": "Cricket",
    "country": "England/Wales",
    "tier": 1
  },
  {
    "name": "Super Smash",
    "sport": "Cricket",
    "country": "New Zealand",
    "tier": 1
  },
  {
    "name": "T20 Challenge",
    "sport": "Cricket",
    "country": "South Africa",
    "tier": 1
  },
  {
    "name": "Liga Mexicana de Béisbol",
    "sport": "Baseball",
    "country": "Mexico",
    "tier": 1
  },
  {
    "name": "Mexican Pacific League",
    "sport": "Baseball",
    "country": "Mexico",
    "tier": 1
  },
  {
    "name": "Venezuelan Professional Baseball League",
    "sport": "Baseball",
    "country": "Venezuela",
    "tier": 1
  },
  {
    "name": "Chinese Professional Baseball League",
    "sport": "Baseball",
    "country": "Taiwan",
    "tier": 1
  },
  {
    "name": "Currie Cup Premier Division",
    "sport": "Rugby Union",
    "country": "South Africa",
    "tier": 1
  },
  {
    "name": "Japan Rugby League One",
    "sport": "Rugby Union",
    "country": "Japan",
    "tier": 1
  },
  {
    "name": "Mitre 10 Cup",
    "sport": "Rugby Union",
    "country": "New Zealand",
    "tier": 1
  },
  {
    "name": "Austrian Bundesliga",
    "sport": "Soccer",
    "country": "Austria",
    "tier": 1
  },
  {
    "name": "Czech First League",
    "sport": "Soccer",
    "country": "Czech Republic",
    "tier": 1
  },
  {
    "name": "Superleague Greece",
    "sport": "Soccer",
    "country": "Greece",
    "tier": 1
  },
  {
    "name": "Russian Premier League",
    "sport": "Soccer",
    "country": "Russia",
    "tier": 1
  },
  {
    "name": "Ukrainian Premier League",
    "sport": "Soccer",
    "country": "Ukraine",
    "tier": 1
  },
  {
    "name": "Chilean Primera División",
    "sport": "Soccer",
    "country": "Chile",
    "tier": 1
  },
  {
    "name": "Uruguayan Primera División",
    "sport": "Soccer",
    "country": "Uruguay",
    "tier": 1
  },
  {
    "name": "Paraguayan Primera División",
    "sport": "Soccer",
    "country": "Paraguay",
    "tier": 1
  },
  {
    "name": "Ecuadorian Serie A",
    "sport": "Soccer",
    "country": "Ecuador",
    "tier": 1
  },
  {
    "name": "Categoría Primera A",
    "sport": "Soccer",
    "country": "Colombia",
    "tier": 1
  },
  {
    "name": "Venezuelan Primera División",
    "sport": "Soccer",
    "country": "Venezuela",
    "tier": 1
  },
  {
    "name": "Peruvian Primera División",
    "sport": "Soccer",
    "country": "Peru",
    "tier": 1
  },
  {
    "name": "Liga de Fútbol Profesional Boliviano",
    "sport": "Soccer",
    "country": "Bolivia",
    "tier": 1
  },
  {
    "name": "Canadian Premier League",
    "sport": "Soccer",
    "country": "Canada",
    "tier": 1
  },
  {
    "name": "Segunda División",
    "sport": "Soccer",
    "country": "Spain",
    "tier": 2
  },
  {
    "name": "Serie B",
    "sport": "Soccer",
    "country": "Italy",
    "tier": 2
  },
  {
    "name": "Ligue 2",
    "sport": "Soccer",
    "country": "France",
    "tier": 2
  },
  {
    "name": "Campeonato Brasileiro Série B",
    "sport": "Soccer",
    "country": "Brazil",
    "tier": 2
  },
  {
    "name": "Eerste Divisie",
    "sport": "Soccer",
    "country": "Netherlands",
    "tier": 2
  },
  {
    "name": "Scottish Championship",
    "sport": "Soccer",
    "country": "Scotland",
    "tier": 2
  },
  {
    "name": "EFL League One",
    "sport": "Soccer",
    "country": "England",
    "tier": 3
  },
  {
    "name": "3. Liga",
    "sport": "Soccer",
    "country": "Germany",
    "tier": 3
  },
  {
    "name": "EFL League Two",
    "sport": "Soccer",
    "country": "England/Wales",
    "tier": 4
  },
  {
    "name": "International League",
    "sport": "Baseball",
    "country": "USA",
    "tier": 2
  },
  {
    "name": "Pacific Coast League",
    "sport": "Baseball",
    "country": "USA",
    "tier": 2
  },
  {
    "name": "Eastern League",
    "sport": "Baseball",
    "country": "USA",
    "tier": 3
  },
  {
    "name": "Southern League",
    "sport": "Baseball",
    "country": "USA",
    "tier": 3
  },
  {
    "name": "Texas League",
    "sport": "Baseball",
    "country": "USA",
    "tier": 3
  },
  {
    "name": "RFU Championship",
    "sport": "Rugby Union",
    "country": "England",
    "tier": 2
  },
  {
    "name": "Nationalliga A",
    "sport": "Ice Hockey",
    "country": "Switzerland",
    "tier": 1
  },
  {
    "name": "Elite Ice Hockey League",
    "sport": "Ice Hockey",
    "country": "United Kingdom",
    "tier": 1
  },
  {
    "name": "Austrian Hockey League",
    "sport": "Ice Hockey",
    "country": "Austria",
    "tier": 1
  },
  {
    "name": "HockeyAllsvenskan",
    "sport": "Ice Hockey",
    "country": "Sweden",
    "tier": 2
  },
  {
    "name": "Nationalliga B",
    "sport": "Ice Hockey",
    "country": "Switzerland",
    "tier": 2
  },
  {
    "name": "ECHL",
    "sport": "Ice Hockey",
    "country": "USA",
    "tier": 3
  },
  {
    "name": "Big3",
    "sport": "Basketball",
    "country": "USA",
    "tier": 1
  },
  {
    "name": "VTB United League",
    "sport": "Basketball",
    "country": "Russia",
    "tier": 1
  },
  {
    "name": "Lega Basket Serie A",
    "sport": "Basketball",
    "country": "Italy",
    "tier": 1
  },
  {
    "name": "Summer Olympic Games",
    "sport": "Multi-Sports",
    "country": "International",
    "tier": 1
  },
  {
    "name": "Winter Olympic Games",
    "sport": "Multi-Sports",
    "country": "International",
    "tier": 1
  },
  {
    "name": "Asian Games",
    "sport": "Multi-Sports",
    "country": "Asia",
    "tier": 1
  },
  {
    "name": "Commonwealth Games",
    "sport": "Multi-Sports",
    "country": "International",
    "tier": 1
  },
  {
    "name": "Pan American Games",
    "sport": "Multi-Sports",
    "country": "Americas",
    "tier": 1
  },
  {
    "name": "European Games",
    "sport": "Multi-Sports",
    "country": "Europe",
    "tier": 1
  },
  {
    "name": "Australian Open",
    "sport": "Tennis",
    "country": "Australia",
    "tier": 1
  },
  {
    "name": "French Open",
    "sport": "Tennis",
    "country": "France",
    "tier": 1
  },
  {
    "name": "Wimbledon",
    "sport": "Tennis",
    "country": "United Kingdom",
    "tier": 1
  },
  {
    "name": "US Open",
    "sport": "Tennis",
    "country": "USA",
    "tier": 1
  },
  {
    "name": "ATP Tour",
    "sport": "Tennis",
    "country": "International",
    "tier": 1
  },
  {
    "name": "Davis Cup",
    "sport": "Tennis",
    "country": "International",
    "tier": 1
  },
  {
    "name": "Billie Jean King Cup",
    "sport": "Tennis",
    "country": "International",
    "tier": 1
  },
  {
    "name": "Laver Cup",
    "sport": "Tennis",
    "country": "International",
    "tier": 1
  },
  {
    "name": "United Cup",
    "sport": "Tennis",
    "country": "International",
    "tier": 1
  },
  {
    "name": "Hopman Cup",
    "sport": "Tennis",
    "country": "International",
    "tier": 2
  },
  {
    "name": "UFC",
    "sport": "Combat",
    "country": "USA",
    "tier": 1
  },
  {
    "name": "PRIDE FC",
    "sport": "Combat",
    "country": "Japan",
    "tier": 1
  },
  {
    "name": "K-1",
    "sport": "Combat",
    "country": "Japan",
    "tier": 1
  },
  {
    "name": "KSW",
    "sport": "Combat",
    "country": "Poland",
    "tier": 1
  },
  {
    "name": "Rizin FF",
    "sport": "Combat",
    "country": "Japan",
    "tier": 1
  },
  {
    "name": "Oktagon MMA",
    "sport": "Combat",
    "country": "Europe",
    "tier": 2
  },
  {
    "name": "Bellator MMA",
    "sport": "Combat",
    "country": "USA",
    "tier": 1
  },
  {
    "name": "ONE Championship",
    "sport": "Combat",
    "country": "Singapore",
    "tier": 1
  },
  {
    "name": "PFL",
    "sport": "Combat",
    "country": "USA",
    "tier": 2
  },
  {
    "name": "Masters Tournament",
    "sport": "Golf",
    "country": "USA",
    "tier": 1
  },
  {
    "name": "PGA Championship",
    "sport": "Golf",
    "country": "USA",
    "tier": 1
  },
  {
    "name": "U.S. Open",
    "sport": "Golf",
    "country": "USA",
    "tier": 1
  },
  {
    "name": "The Open Championship",
    "sport": "Golf",
    "country": "United Kingdom",
    "tier": 1
  },
  {
    "name": "Tour de France",
    "sport": "Cycling",
    "country": "France",
    "tier": 1
  },
  {
    "name": "Giro d'Italia",
    "sport": "Cycling",
    "country": "Italy",
    "tier": 1
  },
  {
    "name": "Vuelta a España",
    "sport": "Cycling",
    "country": "Spain",
    "tier": 1
  },
  {
    "name": "Formula 1",
    "sport": "Auto Racing",
    "country": "International",
    "tier": 1
  },
  {
    "name": "NASCAR",
    "sport": "Auto Racing",
    "country": "USA",
    "tier": 1
  },
  {
    "name": "MotoGP",
    "sport": "Auto Racing",
    "country": "International",
    "tier": 1
  },
  {
    "name": "NTT IndyCar Series",
    "sport": "Auto Racing",
    "country": "USA",
    "tier": 1
  },
  {
    "name": "Formula E",
    "sport": "Auto Racing",
    "country": "International",
    "tier": 2
  },
  {
    "name": "FIA WEC",
    "sport": "Auto Racing",
    "country": "International",
    "tier": 2
  }
]